,TP,TN,FP,FN,Accuracy,Recall,Precision,F1
TLSH_nativ,2156.0,32912.0,5566.0,121.0,0.8604588394062078,0.9468599033816425,0.2792022792022792,0.4312431243124312
TLSH_hash2vec,2156.0,38478.0,0.0,121.0,0.9970310391363023,0.9468599033816425,1.0,0.9727047146401985
